{"Semantic similarity score": 0.7584615384615383, "Clarity score": 0.9041666666666667, "Relevance score": 0.9125, "Clarification of Concepts score": 0.8608333333333333, "Conciseness score": 0.8316666666666667, "Professional Tone score": 0.9258333333333334}