{"IS_ANSWER_CORRECT": 0.7307692307692307, "Clarity score": 0.9605263157894735, "Relevance score": 0.9842105263157894, "Clarification of Concepts score": 0.9736842105263156, "Conciseness score": 0.9289473684210525, "Professional Tone score": 0.9789473684210527}