{"IS_ANSWER_CORRECT": 0.72, "Clarity score": 0.9676470588235295, "Relevance score": 0.9852941176470589, "Clarification of Concepts score": 0.9705882352941176, "Conciseness score": 0.9441176470588236, "Professional Tone score": 0.9882352941176469}