{"Semantic similarity score": 0.863076923076923, "Clarity score": 0.903846153846154, "Relevance score": 0.9269230769230768, "Clarification of Concepts score": 0.8807692307692309, "Conciseness score": 0.8484615384615384, "Professional Tone score": 0.9246153846153846}